Workbook

Sheet RAW
A1: B10 | S1: Merjeno V jamo. Od pritrdišča starega štrika do prvega podora.
A2: Direction: surveyIn | B2: Unit: metric | S2: BAS
A3: Date: 2025-04-03 | S3: Direction: SURVEY_IN | T3: Unit: Metric
S4: Date: 2018-01-26
A5: TypeShot | B5: Length | C5: Depth IN | D5: Depth OUT | E5: Heading IN | F5: Heading OUT | G5: Pitch IN | H5: Pitch OUT | I5: Left | J5: Right | K5: Up | L5: Down | M5: Temperature | N5: Time | O5: Marker
A6: std | B6: 12.3 | C6: 0.81 | D6: 1.72 | E6: 238.8 | F6: 237.2 | G6: 4.9 | H6: 11.6 | I6: 0 | J6: 0 | K6: 0 | L6: 0 | M6: 13.3 | N6: 2025-04-03T22:58:11.000 | O6: 0 | S6: typeShot | T6: length | U6: headingIn | V6: headingOut | W6: pitchIn | X6: pitchOut | Y6: depthIn | Z6: depthOut
A7: std | B7: 23.86 | C7: 1.82 | D7: 0.86 | E7: 234.2 | F7: 234.4 | G7: -4.7 | H7: 2.7 | I7: 0 | J7: 0 | K7: 0 | L7: 0 | M7: 13.5 | N7: 2025-04-03T23:02:34.000 | O7: 0 | S7: STD | T7: 12.37 | U7: 200.7 | V7: 202.6 | W7: -1.7 | X7: 14.4 | Y7: -0.35 | Z7: 1.04
A8: std | B8: 10.48 | C8: 0.88 | D8: 2.7 | E8: 238.8 | F8: 219 | G8: 2.7 | H8: 11.6 | I8: 0 | J8: 0 | K8: 0 | L8: 0 | M8: 13.7 | N8: 2025-04-03T23:06:49.000 | O8: 0 | S8: STD | T8: 4.8 | U8: 196.6 | V8: 198.6 | W8: 29.6 | X8: 6.7 | Y8: 0.92 | Z8: -0.29
A9: std | B9: 5.83 | C9: 2.84 | D9: 4.62 | E9: 227.2 | F9: 220.9 | G9: 7.8 | H9: 20.9 | I9: 0 | J9: 0 | K9: 0 | L9: 0 | M9: 13.7 | N9: 2025-04-03T23:11:21.000 | O9: 0 | S9: STD | T9: 9.86 | U9: 173.3 | V9: 191.9 | W9: 6.5 | X9: -7.7 | Y9: -0.29 | Z9: 0.55
A10: std | B10: 15.51 | C10: 4.82 | D10: 10.54 | E10: 184.9 | F10: 171.8 | G10: 14.3 | H10: 12.1 | I10: 0 | J10: 0 | K10: 0 | L10: 0 | M10: 13.8 | N10: 2025-04-03T23:13:22.000 | O10: 0 | S10: STD | T10: 8.06 | U10: 190.6 | V10: 190.2 | W10: 4.8 | X10: 0 | Y10: 0.58 | Z10: 0.86
A11: std | B11: 7.1 | C11: 10.66 | D11: 11.82 | E11: 188.7 | F11: 186.5 | G11: 0.8 | H11: 10.4 | I11: 0 | J11: 0 | K11: 0 | L11: 0 | M11: 13.8 | N11: 2025-04-03T23:15:44.000 | O11: 0 | S11: STD | T11: 10.28 | U11: 177 | V11: 175.3 | W11: 6 | X11: -1 | Y11: 0.93 | Z11: 1.87
A12: std | B12: 10.34 | C12: 11.91 | D12: 14.08 | E12: 234.6 | F12: 225.8 | G12: 7.7 | H12: 18.8 | I12: 0 | J12: 0 | K12: 0 | L12: 0 | M12: 13.9 | N12: 2025-04-03T23:17:10.000 | O12: 0 | S12: STD | T12: 12.75 | U12: 195 | V12: 197.7 | W12: 5.3 | X12: 5.5 | Y12: 1.85 | Z12: 1.1
A13: std | B13: 7.21 | C13: 13.93 | D13: 7.59 | E13: 256.7 | F13: 260.2 | G13: -71.3 | H13: -66.9 | I13: 0 | J13: 0 | K13: 0 | L13: 0 | M13: 13.8 | N13: 2025-04-03T23:18:41.000 | O13: 0 | S13: STD | T13: 4.07 | U13: 195.6 | V13: 198.6 | W13: 1 | X13: 1.4 | Y13: 0.96 | Z13: 1.02
A14: std | B14: 7.29 | C14: 7.38 | D14: 6.95 | E14: 193.2 | F14: 193.4 | G14: -7.4 | H14: 1.7 | I14: 0 | J14: 0 | K14: 0 | L14: 0 | M14: 13.8 | N14: 2025-04-03T23:22:02.000 | O14: 0 | S14: STD | T14: 7.48 | U14: 193.3 | V14: 193 | W14: 1.6 | X14: -13.7 | Y14: 0.97 | Z14: 2.29
A15: std | B15: 4.24 | C15: 6.77 | D15: 5.11 | E15: 217.2 | F15: 218.4 | G15: -21.8 | H15: -18.5 | I15: 0 | J15: 0 | K15: 0 | L15: 0 | M15: 13.8 | N15: 2025-04-03T23:24:19.000 | O15: 0 | S15: STD | T15: 5.24 | U15: 203.3 | V15: 202.3 | W15: 8.6 | X15: 2.5 | Y15: 2.26 | Z15: 1.59
A16: std | B16: 5.29 | C16: 5.06 | D16: 6.12 | E16: 186.3 | F16: 200.4 | G16: 7.4 | H16: 12.6 | I16: 0 | J16: 0 | K16: 0 | L16: 0 | M16: 13.8 | N16: 2025-04-03T23:26:06.000 | O16: 0 | S16: STD | T16: 2.93 | U16: 200.7 | V16: 200.6 | W16: 12.6 | X16: -3.5 | Y16: 1.55 | Z16: 1.45
A17: std | B17: 4.85 | C17: 6.24 | D17: 8.77 | E17: 218.7 | F17: 217.7 | G17: 30.5 | H17: 27.2 | I17: 0 | J17: 0 | K17: 0 | L17: 0 | M17: 13.9 | N17: 2025-04-03T23:29:11.000 | O17: 0 | S17: STD | T17: 10.61 | U17: 204.8 | V17: 205.6 | W17: 5.1 | X17: -5.2 | Y17: 1.48 | Z17: 1.71
A18: std | B18: 7.56 | C18: 8.82 | D18: 10.6 | E18: 256.7 | F18: 255.6 | G18: 5.6 | H18: 23.2 | I18: 0 | J18: 0 | K18: 0 | L18: 0 | M18: 13.9 | N18: 2025-04-03T23:30:00.000 | O18: 0 | S18: STD | T18: 7.66 | U18: 131.5 | V18: 134 | W18: 3.1 | X18: 0.9 | Y18: 1.74 | Z18: 1.91
... A22: std | B22: 2.8 | C22: 16.03 | D22: 17.54 | E22: 196.2 | F22: 209.4 | G22: -34.7 | H22: -30.7 | I22: 0 | J22: 0 | K22: 0 | L22: 0 | M22: 13.9 | N22: 2025-04-03T23:40:53.000 | O22: 0 | S22: STD | T22: 0.4 | U22: 175.3 | V22: 174 | W22: 22.6 | X22: 22 | Y22: 1.33 | Z22: 1.22
A23: std | B23: 19.64 | C23: 17.69 | D23: 25.61 | E23: 205.7 | F23: 208.4 | G23: -17.9 | H23: -18 | I23: 0 | J23: 0 | K23: 0 | L23: 0 | M23: 14 | N23: 2025-04-03T23:41:28.000 | O23: 0
A24: std | B24: 1.17 | C24: 25.64 | D24: 25.53 | E24: 224.7 | F24: 243.5 | G24: 6.9 | H24: 1.9 | I24: 0 | J24: 0 | K24: 0 | L24: 0 | M24: 14 | N24: 2025-04-03T23:44:42.000 | O24: 0
A25: std | B25: 10.32 | C25: 25.47 | D25: 23.84 | E25: 257 | F25: 274 | G25: 8.5 | H25: 2.5 | I25: 0 | J25: 0 | K25: 0 | L25: 0 | M25: 14 | N25: 2025-04-03T23:45:08.000 | O25: 0
A26: std | B26: 11.42 | C26: 23.82 | D26: 22.98 | E26: 339.9 | F26: 338.9 | G26: -1.1 | H26: 6 | I26: 0 | J26: 0 | K26: 0 | L26: 0 | M26: 14 | N26: 2025-04-03T23:47:14.000 | O26: 0
A27: std | B27: 3.66 | C27: 23.05 | D27: 22.38 | E27: 1.6 | F27: 343.7 | G27: 11.2 | H27: 6.6 | I27: 0 | J27: 0 | K27: 0 | L27: 0 | M27: 14 | N27: 2025-04-03T23:48:32.000 | O27: 0
A28: std | B28: 2.38 | C28: 22.3 | D28: 22.36 | E28: 273.7 | F28: 271.5 | G28: 8.2 | H28: 1.4 | I28: 0 | J28: 0 | K28: 0 | L28: 0 | M28: 14 | N28: 2025-04-03T23:49:58.000 | O28: 0
A29: std | B29: 12.71 | C29: 22.43 | D29: 25.84 | E29: 269.1 | F29: 252.8 | G29: -20.9 | H29: -4.3 | I29: 0 | J29: 0 | K29: 0 | L29: 0 | M29: 14 | N29: 2025-04-03T23:51:19.000 | O29: 0
A30: std | B30: 13.13 | C30: 25.82 | D30: 27.24 | E30: 241.4 | F30: 242.9 | G30: 4.6 | H30: -1.6 | I30: 0 | J30: 0 | K30: 0 | L30: 0 | M30: 14 | N30: 2025-04-03T23:53:24.000 | O30: 0
A31: std | B31: 12.88 | C31: 27.23 | D31: 25.03 | E31: 251.6 | F31: 253.9 | G31: 3.6 | H31: 7.7 | I31: 0 | J31: 0 | K31: 0 | L31: 0 | M31: 14 | N31: 2025-04-03T23:54:29.000 | O31: 0
A32: eoc | B32: 0 | C32: 0 | D32: 0 | E32: 0 | F32: 0 | G32: 0 | H32: 0 | I32: 0 | J32: 0 | K32: 0 | L32: 0 | M32: 0 | N32: 2025-04-03T00:00:00.000 | O32: 0

Sheet Walls
A1: =CONCATENATE("; Line name: ",RAW!A1) -> ; Line name: B10
A2: ; Team: Matej Korsic, Anze Abram
A3: =CONCATENATE("#DATE ",MID(RAW!A3,6,11)) -> #DATE 2025-04-03 | J3: =MID(I1,6,10)
A4: #UNITS meters ORDER=DA Tape=SS
A5: ; From | B5: To | C5: Dist | D5: Az | E5: D-From | F5: D-To | G5: LRUD | H5: Comment
A6: A1 | B6: A2 | C6: =SUBSTITUTE(RAW!B6,",",".") -> 12.3 | D6: =SUBSTITUTE(MOD(ATAN2(AVERAGE(COS(RAW!E6*PI()/180),COS(RAW!F6*PI()/180)),AVERAGE(SIN(RAW!E6*PI()/180),SIN(RAW!F6*PI()/180)))*180/PI(),360),",",".") -> 238 | E6: =SUBSTITUTE(RAW!C6,",",".") -> 0.81 | F6: =SUBSTITUTE(RAW!D6,",",".") -> 1.72 | G6: <0,0,0,0> | H6: =CONCATENATE("; ",RAW!P6) -> ;
A7: A2 | B7: A3 | C7: =SUBSTITUTE(RAW!B7,",",".") -> 23.86 | D7: =SUBSTITUTE(MOD(ATAN2(AVERAGE(COS(RAW!E7*PI()/180),COS(RAW!F7*PI()/180)),AVERAGE(SIN(RAW!E7*PI()/180),SIN(RAW!F7*PI()/180)))*180/PI(),360),",",".") -> 234.3 | E7: =SUBSTITUTE(RAW!C7,",",".") -> 1.82 | F7: =SUBSTITUTE(RAW!D7,",",".") -> 0.86 | G7: <0,0,0,0> | H7: =CONCATENATE("; ",RAW!P7) -> ;
A8: A3 | B8: A4 | C8: =SUBSTITUTE(RAW!B8,",",".") -> 10.48 | D8: =SUBSTITUTE(MOD(ATAN2(AVERAGE(COS(RAW!E8*PI()/180),COS(RAW!F8*PI()/180)),AVERAGE(SIN(RAW!E8*PI()/180),SIN(RAW!F8*PI()/180)))*180/PI(),360),",",".") -> 228.9 | E8: =SUBSTITUTE(RAW!C8,",",".") -> 0.88 | F8: =SUBSTITUTE(RAW!D8,",",".") -> 2.7 | G8: <0,0,0,0> | H8: =CONCATENATE("; ",RAW!P8) -> ;
A9: A4 | B9: A5 | C9: =SUBSTITUTE(RAW!B9,",",".") -> 5.83 | D9: =SUBSTITUTE(MOD(ATAN2(AVERAGE(COS(RAW!E9*PI()/180),COS(RAW!F9*PI()/180)),AVERAGE(SIN(RAW!E9*PI()/180),SIN(RAW!F9*PI()/180)))*180/PI(),360),",",".") -> 224.05 | E9: =SUBSTITUTE(RAW!C9,",",".") -> 2.84 | F9: =SUBSTITUTE(RAW!D9,",",".") -> 4.62 | G9: <0,0,0,0> | H9: =CONCATENATE("; ",RAW!P9) -> ;
A10: A5 | B10: A6 | C10: =SUBSTITUTE(RAW!B10,",",".") -> 15.51 | D10: =SUBSTITUTE(MOD(ATAN2(AVERAGE(COS(RAW!E10*PI()/180),COS(RAW!F10*PI()/180)),AVERAGE(SIN(RAW!E10*PI()/180),SIN(RAW!F10*PI()/180)))*180/PI(),360),",",".") -> 178.35 | E10: =SUBSTITUTE(RAW!C10,",",".") -> 4.82 | F10: =SUBSTITUTE(RAW!D10,",",".") -> 10.54 | G10: <0,0,0,0> | H10: =CONCATENATE("; ",RAW!P10) -> ;
A11: A6 | B11: A7 | C11: =SUBSTITUTE(RAW!B11,",",".") -> 7.1 | D11: =SUBSTITUTE(MOD(ATAN2(AVERAGE(COS(RAW!E11*PI()/180),COS(RAW!F11*PI()/180)),AVERAGE(SIN(RAW!E11*PI()/180),SIN(RAW!F11*PI()/180)))*180/PI(),360),",",".") -> 187.6 | E11: =SUBSTITUTE(RAW!C11,",",".") -> 10.66 | F11: =SUBSTITUTE(RAW!D11,",",".") -> 11.82 | G11: <0,0,0,0> | H11: =CONCATENATE("; ",RAW!P11) -> ;
A12: A7 | B12: A8 | C12: =SUBSTITUTE(RAW!B12,",",".") -> 10.34 | D12: =SUBSTITUTE(MOD(ATAN2(AVERAGE(COS(RAW!E12*PI()/180),COS(RAW!F12*PI()/180)),AVERAGE(SIN(RAW!E12*PI()/180),SIN(RAW!F12*PI()/180)))*180/PI(),360),",",".") -> 230.2 | E12: =SUBSTITUTE(RAW!C12,",",".") -> 11.91 | F12: =SUBSTITUTE(RAW!D12,",",".") -> 14.08 | G12: <0,0,0,0> | H12: =CONCATENATE("; ",RAW!P12) -> ;
A13: A8 | B13: A9 | C13: =SUBSTITUTE(RAW!B13,",",".") -> 7.21 | D13: =SUBSTITUTE(MOD(ATAN2(AVERAGE(COS(RAW!E13*PI()/180),COS(RAW!F13*PI()/180)),AVERAGE(SIN(RAW!E13*PI()/180),SIN(RAW!F13*PI()/180)))*180/PI(),360),",",".") -> 258.45 | E13: =SUBSTITUTE(RAW!C13,",",".") -> 13.93 | F13: =SUBSTITUTE(RAW!D13,",",".") -> 7.59 | G13: <0,0,0,0> | H13: =CONCATENATE("; ",RAW!P13) -> ;
A14: A9 | B14: A10 | C14: =SUBSTITUTE(RAW!B14,",",".") -> 7.29 | D14: =SUBSTITUTE(MOD(ATAN2(AVERAGE(COS(RAW!E14*PI()/180),COS(RAW!F14*PI()/180)),AVERAGE(SIN(RAW!E14*PI()/180),SIN(RAW!F14*PI()/180)))*180/PI(),360),",",".") -> 193.3 | E14: =SUBSTITUTE(RAW!C14,",",".") -> 7.38 | F14: =SUBSTITUTE(RAW!D14,",",".") -> 6.95 | G14: <0,0,0,0> | H14: =CONCATENATE("; ",RAW!P14) -> ;
A15: A10 | B15: A11 | C15: =SUBSTITUTE(RAW!B15,",",".") -> 4.24 | D15: =SUBSTITUTE(MOD(ATAN2(AVERAGE(COS(RAW!E15*PI()/180),COS(RAW!F15*PI()/180)),AVERAGE(SIN(RAW!E15*PI()/180),SIN(RAW!F15*PI()/180)))*180/PI(),360),",",".") -> 217.8 | E15: =SUBSTITUTE(RAW!C15,",",".") -> 6.77 | F15: =SUBSTITUTE(RAW!D15,",",".") -> 5.11 | G15: <0,0,0,0> | H15: =CONCATENATE("; ",RAW!P15) -> ;
A16: A11 | B16: A12 | C16: =SUBSTITUTE(RAW!B16,",",".") -> 5.29 | D16: =SUBSTITUTE(MOD(ATAN2(AVERAGE(COS(RAW!E16*PI()/180),COS(RAW!F16*PI()/180)),AVERAGE(SIN(RAW!E16*PI()/180),SIN(RAW!F16*PI()/180)))*180/PI(),360),",",".") -> 193.35 | E16: =SUBSTITUTE(RAW!C16,",",".") -> 5.06 | F16: =SUBSTITUTE(RAW!D16,",",".") -> 6.12 | G16: <0,0,0,0> | H16: =CONCATENATE("; ",RAW!P16) -> ;
A17: A12 | B17: A13 | C17: =SUBSTITUTE(RAW!B17,",",".") -> 4.85 | D17: =SUBSTITUTE(MOD(ATAN2(AVERAGE(COS(RAW!E17*PI()/180),COS(RAW!F17*PI()/180)),AVERAGE(SIN(RAW!E17*PI()/180),SIN(RAW!F17*PI()/180)))*180/PI(),360),",",".") -> 218.2 | E17: =SUBSTITUTE(RAW!C17,",",".") -> 6.24 | F17: =SUBSTITUTE(RAW!D17,",",".") -> 8.77 | G17: <0,0,0,0> | H17: =CONCATENATE("; ",RAW!P17) -> ;
... A104: A99 | B104: A100 | C104: =SUBSTITUTE(RAW!B104,",",".") | D104: =SUBSTITUTE(MOD(ATAN2(AVERAGE(COS(RAW!E104*PI()/180),COS(RAW!F104*PI()/180)),AVERAGE(SIN(RAW!E104*PI()/180),SIN(RAW!F104*PI()/180)))*180/PI(),360),",",".") -> 0 | E104: =SUBSTITUTE(RAW!C104,",",".") | F104: =SUBSTITUTE(RAW!D104,",",".") | G104: <0,0,0,0> | H104: =CONCATENATE("; ",RAW!P104) -> ;
